<?xml version="1.0" encoding="utf-8"?>
<extension version="1.7.0" type="plugin" group="xmap" method="upgrade">
    <name>Xmap plugin for Joomla Bible Study</name>
    <author>Joomla Bible Study - Tom Fuller</author>
    <creationDate>February 8, 2012</creationDate>
    <copyright>(C) 2011 Joomla Bible Study - Tom Fuller</copyright>
    <license>http://www.gnu.org/copyright/gpl.html GNU/GPL</license>
    <authorEmail>info@joomlabiblestudy.org</authorEmail>
    <authorUrl>http://www.JoomlaBibleStudy.org</authorUrl>
    <version>2.0</version>
    <description>Xmap plugin for Bible Study component.</description>
    <files>
        <filename plugin="com_biblestudy">com_biblestudy.php</filename>
        <filename>index.html</filename>
    </files>
    <languages folder="language">
        <!--
        these files will be installed in the administrator/language folder.
        -->
        <language tag="en-GB">en-GB.plg_xmap_com_biblestudy.ini</language>
    </languages>
    <config>
        <fields name="params" >
            <fieldset name="advanced" addfieldpath="/administrator/components/com_biblestudy/models/fields">
                <field name="t" type="sql"
                       description="XMAP_JBS_DISPLAY_TEMPLATE_DESC"
                       label="XMAP_JBS_DISPLAY_TEMPLATE"
                       default="1"
                       query="SELECT id, title FROM #__bsms_templates WHERE published = 1 ORDER BY text ASC"
                       key_field="id"
                       value_field="title"
                       required="true"
            />
                <field name="order" type="list"
                       description="XMAP_JBS_DISPLAY_ORDER_DESC"
                       label="XMAP_JBS_DISPLAY_ORDER"
                       default="desc">
                    <option value="desc">XMAP_JBS_DESCENDING</option>
                    <option value="asc">XMAP_JBS_ASCENDING</option>
                </field>
                <field  name="displaytype"
                        type="list"
                        label="XMAP_JBS_TYPE_OF_LIST"
                        description="XMAP_JBS_TYPE_OF_LIST_DESC"
                        default="1">
                    <option value="1">XMAP_JBS_YEAR</option>
                    <option value="2">XMAP_JBS_BOOK</option>
                    <option value="3">XMAP_JBS_TEACHER</option>
                    <option value="4">XMAP_JBS_LOCATION</option>
                </field>
                <field name="showmedia"
                       type="list"
                       label="XMAP_JBS_SHOW_MEDIA_FILES"
                       description="XMAP_JBS_SHOW_MEDIA_FILES_DESC"
                       default="1">
                    <option value="1">XMAP_JBS_YES</option>
                    <option value="2">XMAP_JBS_NO</option>
                </field>
                <field name="filelink"
                       type="list"
                       label="XMAP_JBS_FILELINK"
                       description="XMAP_JBS_FILELINK_DESC"
                       default="2">
                    <option value="1">XMAP_JBS_YES</option>
                    <option value="2">XMAP_JBS_NO</option>
                </field>
                <field name="limit"
                       type="text" default=""
                       label="XMAP_JBS_MEDIA_FILE_LIMIT"
                       description="XMAP_JBS_MEDIA_FILE_LIMIT_DESC"
                       size="10"
                />
                <field name="description"
                       type="list"
                       label="XMAP_JBS_DESCRIPTION"
                       description="XMAP_JBS_DESCRIPTION_DESC"
                       default="1">
                    <option value="1">XMAP_JBS_YES</option>
                    <option value="2">XMAP_JBS_NO</option>
                </field>
                <field name="nofilename"
                       type="text"
                       default="Media File"
                       label="XMAP_JBS_NO_FILE_NAME"
                       description="XMAP_JBS_NO_FILE_NAME_DESC"
                       size="50"
                />
            </fieldset>
        </fields>
    </config>
    <!-- UPDATESERVER DEFINITION -->
    <updateservers>
        <!-- Note: No spaces or linebreaks allowed between the server tags -->
        <server type="plugin" priority="1" name="Joomla Bible Study Xmap Plugin"><![CDATA[http://www.joomlabiblestudy.org/index.php?option=com_ars&view=update&task=stream&format=xml&id=9&dummy=extension.xml]]>
        </server>
    </updateservers>

</extension>
