{
  "crawl": false,
  "customTests": [],
  "dest": "/PATH/TO/modernizr-output.js",
  "tests": [
    "applicationcache",
    "audio",
    "canvas",
    "canvastext",
    "geolocation",
    "hashchange",
    "history",
    "indexeddb",
    "input",
    "inputtypes",
    "postmessage",
    "svg",
    "video",
    "webgl",
    "websockets",
    "cssanimations",
    "backgroundsize",
    "borderimage",
    "borderradius",
    "boxshadow",
    "csscolumns",
    "flexbox",
    "flexboxlegacy",
    "fontface",
    "generatedcontent",
    "cssgradients",
    "hsla",
    "multiplebgs",
    "opacity",
    "cssreflections",
    "rgba",
    "textshadow",
    "csstransforms",
    "csstransforms3d",
    "csstransitions",
    "localstorage",
    "sessionstorage",
    "websqldatabase",
    "svgclippaths",
    "inlinesvg",
    "smil",
    "webworkers"
  ],
  "options": [
    "domPrefixes",
    "prefixes",
    "hasEvent",
    "testAllProps",
    "testProp",
    "testStyles",
    "html5shiv",
    "setClasses"
  ],
  "uglify": true
}