<?xml version="1.0" encoding="utf-8"?>
<server type="storage" supports="*.*">
    <name>Local Server</name>
    <description>Use the same server serving this website as a source of media.</description>
    <config>
        <media_resource>filename</media_resource>
    </config>
    <fields name="media">
        <fieldset name="params" label="JBS_ADDON_LOCAL_PARAMETERS">
            <field name="baseurl" type="text" label="JBS_ADDON_LOCAL_BASE" description="JBS_ADDON_LOCAL_BASE" required="true"/>
        </fieldset>
    </fields>
</server>
