<?xml version="1.0" encoding="utf-8"?>
<media>
    <fields name="params">
        <fieldset name="upload" label="Upload">
            <field name="upload" type="upload" label="Upload" description="Upload here"
                    handler="upload"/>
        </fieldset>
        <fieldset name="publishing" label="Publishing">
            <field name="published" type="list" label="JSTATUS" description="JFIEDL_PUBLISHED_DESC" size="1" default="1" filter="integer"/>
        </fieldset>
    </fields>
</media>