<?xml version="1.0" encoding="utf-8"?>
<!DOCTYPE install SYSTEM "http://dev.joomla.org/xml/1.5/component-install.dtd">
<install type="component" version="1.5.0" method="upgrade">
    <!-- Note: we can use method="upgrade" to ensure an upgrade regardless of
        if it is a new install or an actual upgrade; Normal installs will behave
        like an install but upgrades will be treated appropriately even if the interface
        doesn't support it properly -->
    <!-- Generic Metadata -->
    <name>JBSMIGRATION</name>
    <author>JoomlaBibleStudy Team</author>
    <authorEmail>info@joomlabiblestudy.org</authorEmail>
    <authorUrl>http://www.joomlabiblestudy.org</authorUrl>
    <copyright>(C) 2011 Copyright Joomla Bible Study</copyright>
    <license>GNU/GPL</license>
    <version>2.2.0</version>
    <creationDate>Oct 05, 2012</creationDate>
    <description>COM_JBSMIGRATION_DESCRIPTION</description>
    <scriptfile>script.php</scriptfile>
    <!-- Public front end files -->
    <files folder="site">
        <filename>jbsmigration.php</filename>
        <folder>language</folder>
    </files>
    <!-- Front end translation files -->
    <languages folder="site/language">
        <language tag="en-GB">en-GB/en-GB.com_jbsmigration.ini</language>
    </languages>
    <administration>
        <!-- Administration Menu Section -->
        <menu view="jbsmigration">COM_JBSMIGRATION_MENU</menu>
        <!-- Administration Main File Copy Section -->
        <files folder="admin">
            <filename>index.html</filename>
            <filename>jbsmigration.php</filename>
            <filename>controller.php</filename>
            <filename>backup.php</filename>
            <folder>views</folder>
            <folder>images</folder>
            <folder>help</folder>
            <folder>language</folder>
            <folder>css</folder>
        </files>
        <languages folder="admin/language">
            <language tag="en-GB">en-GB/en-GB.com_jbsmigration.ini</language>
            <language tag="en-GB">en-GB/en-GB.com_jbsmigration.sys.ini</language>
            <language tag="en-GB">en-GB/en-GB.com_jbsmigration.menu.ini</language>
        </languages>
    </administration>
</install>