<?xml version="1.0" encoding="utf-8"?>
<extension type="component" version="3.4" method="upgrade">
	<!-- Generic Metadata -->
	<name>COM_BIBLESTUDY</name>
	<author>CWM Team</author>
	<authorEmail>info@joomlabiblestudy.org</authorEmail>
	<authorUrl>https://www.christianwebministries.org</authorUrl>
	<copyright>(C) 2007 - 2019 Proclaim All rights reserved.</copyright>
	<version>9.2.0</version>
	<creationDate>Feb 24, 2019</creationDate>
	<license>http://www.gnu.org/licenses/gpl.html</license>
	<description>JBS_INS_XML_DESCRIPTION</description>

	<!-- Installer Hooks -->
	<scriptfile>biblestudy.script.php</scriptfile>

	<updateservers>
		<server type="extension" priority="1"
		        name="Proclaim Package">https://www.christianwebministries.org/index.php?option=com_ars&amp;view=update&amp;task=stream&amp;format=xml&amp;id=1</server>
	</updateservers>

	<files folder="site">
		<filename>biblestudy.php</filename>
		<filename>controller.php</filename>
		<filename>router.php</filename>
		<folder>controllers</folder>
		<folder>helpers</folder>
		<folder>lib</folder>
		<folder>models</folder>
		<folder>sef_ext</folder>
		<folder>views</folder>
	</files>

	<!-- Media files -->
	<media destination="com_biblestudy" folder="media">
		<folder>backup</folder>
		<folder>css</folder>
		<folder>fancybox</folder>
		<folder>images</folder>
		<folder>js</folder>
		<folder>less</folder>
		<folder>player</folder>
	</media>

	<administration>
		<menu img="../media/com_biblestudy/images/menu/icon-16-biblemenu.png">JBS_CMN_COM_BIBLESTUDY</menu>
		<submenu>
			<!-- Note that all & must be escaped to &amp; for the file to be valid XML and be parsed by the installer -->
			<menu link="option=com_biblestudy" img="../media/com_biblestudy/images/menu/icon-16-biblemenu.png">JBS_MNU_CONTROL_PANEL</menu>
			<menu link="option=com_biblestudy&amp;task=admin.edit&amp;id=1" img="../media/com_biblestudy/images/menu/icon-16-administration.png">JBS_MNU_ADMINISTRATION</menu>
			<menu link="option=com_biblestudy&amp;view=messages" img="../media/com_biblestudy/images/menu/icon-16-studies.png">JBS_MNU_STUDIES</menu>
			<menu link="option=com_biblestudy&amp;view=mediafiles" img="../media/com_biblestudy/images/menu/icon-16-mp3.png">JBS_MNU_MEDIA_FILES</menu>
			<menu link="option=com_biblestudy&amp;view=teachers" img="../media/com_biblestudy/images/menu/icon-16-teachers.png">JBS_MNU_TEACHERS</menu>
			<menu link="option=com_biblestudy&amp;view=series" img="../media/com_biblestudy/images/menu/icon-16-series.png">JBS_MNU_SERIES</menu>
			<menu link="option=com_biblestudy&amp;view=messagetypes" img="../media/com_biblestudy/images/menu/icon-16-messagetype.png">JBS_MNU_MESSAGETYPES</menu>
			<menu link="option=com_biblestudy&amp;view=locations" img="../media/com_biblestudy/images/menu/icon-16-locations.png">JBS_MNU_LOCATIONS</menu>
			<menu link="option=com_biblestudy&amp;view=topics" img="../media/com_biblestudy/images/menu/icon-16-topics.png">JBS_MNU_TOPICS</menu>
			<menu link="option=com_biblestudy&amp;view=comments" img="../media/com_biblestudy/images/menu/icon-16-comments.png">JBS_MNU_STUDY_COMMENTS</menu>
			<menu link="option=com_biblestudy&amp;view=servers" img="../media/com_biblestudy/images/menu/icon-16-servers.png">JBS_MNU_SERVERS</menu>
			<menu link="option=com_biblestudy&amp;view=podcasts" img="../media/com_biblestudy/images/menu/icon-16-podcast.png">JBS_MNU_PODCASTS</menu>
			<menu link="option=com_biblestudy&amp;view=templates" img="../media/com_biblestudy/images/menu/icon-16-templates.png">JBS_MNU_TEMPLATE_DISPLAY</menu>
			<menu link="option=com_biblestudy&amp;view=templatecodes" img="../media/com_biblestudy/images/menu/icon-16-templates.png">JBS_MNU_TEMPLATE_CODE_DISPLAY</menu>
			<!-- Instead of link you can specify individual link attributes -->
		</submenu>

		<!-- Administration Main File Copy Section -->
		<files folder="admin">
			<filename>access.xml</filename>
			<filename>api.php</filename>
			<filename>biblestudy.php</filename>
			<filename>config.xml</filename>
			<filename>controller.php</filename>
			<folder>addons</folder>
			<folder>controllers</folder>
			<folder>helpers</folder>
			<folder>install</folder>
			<folder>language</folder>
			<folder>lib</folder>
			<folder>models</folder>
			<folder>postinstall</folder>
			<folder>tables</folder>
			<folder>views</folder>
		</files>
	</administration>
</extension>
