<?xml version="1.0" encoding="utf-8"?>
<server type="storage" supports="*.*">
	<name>Legacy</name>
	<description>Adapter for legacy JBS servers and mediafiles configurations.</description>
	<config>
		<media_resource>filename</media_resource>
	</config>
	<fields name="params">
		<fieldset name="Server" label="JBS_ADDON_LEGACY_DETAILS">
			<field name="path" type="text" label="JBS_MED_PATH" description="JBS_MED_PATH_DESC" class="inputbox" size="35"/>
			<field name="protocol" type="list" label="JBS_ADDON_LEGACY_PROTOCOL" description="JBS_ADDON_LEGACY_PROTOCOL_DESC" class="inputbox" default="http://">
				<option value="http://">http://</option>
				<option value="https://">https://</option>
			</field>
		</fieldset>
	</fields>
	<fields name="media">
		<fieldset name="details" label="JBS_ADDON_LEGACY_DETAILS">
			<field name="link_type" type="list" extension="com_biblestudy"
			       label="JBS_MED_SHOW_DOWNLOAD_ICON" description="JBS_MED_SHOW_DOWNLOAD_ICON_DESC"
			       class="inputbox" default="1">
				<option value="0">JBS_MED_NO_DOWNLOAD_ICON</option>
				<option value="1">JBS_MED_SHOW_DOWNLOAD_ICON</option>
				<option value="2">JBS_MED_SHOW_ONLY_DOWNLOAD_ICON</option>
			</field>
		</fieldset>
		<fieldset name="files_settings" label="JBS_ADDON_LEGACY_FILE_SETTINGS">
			<field name="player" type="list" label="JBS_MED_PLAYER"
			       description="JBS_MED_PLAYER_DESC" class="inputbox" default="2">
				<option value="0">JBS_CMN_DIRECT_LINK</option>
				<option value="1">JBS_CMN_USE_INTERNAL_PLAYER</option>
				<option value="3">JBS_CMN_USE_AV</option>
				<option value="7">JBS_CMN_USE_MP3_PLAYER</option>
				<option value="8">JBS_CMN_USE_EMBED_CODE</option>
			</field>
			<field name="popup" type="list" label="JBS_MED_INTERNAL_POPUP"
			       description="JBS_MED_INTERNAL_POPUP_DESC" class="inputbox"
			       default="3">
				<option value="1">JBS_CMN_POPUP</option>
				<option value="2">JBS_CMN_INLINE</option>
				<option value="3">JBS_CMN_SQUEEZEBOX</option>
			</field>
			<field name="mediacode" type="textarea" label="JBS_CMN_AVR"
			       description="JBS_MED_AVRELOADED_DESC" class="inputbox" cols="64" rows="5"
			       filter="raw"/>
		</fieldset>
		<fieldset name="media_type" label="JBS_ADDON_LEGACY_MEDIA_TYPE">
			<field name="media_image" type="media" directory="biblestudy"
			       label="JBS_CMN_IMAGE" description="JBS_MED_IMAGE_DESC"
			       class="inputbox"/>
			<field name="mime_type" type="mimetype" extension="com_biblestudy"
			       label="JBS_MED_CHOOSE_MIMETYPE" description="JBS_MED_CHOOSE_MIMETYPE_DESC"
			       class="inputbox"/>
		</fieldset>
		<fieldset name="parameters" label="JBS_ADDON_LEGACY_PARAMETERS">
			<field name="autostart" type="list"
			       label="JBS_CMN_MEDIA_AUTOSTART" description="JBS_CMN_MEDIA_AUTOSTART_DESC" default="1">
				<option value="1">JYES</option>
				<option value="2">JNO</option>
			</field>
		</fieldset>
	</fields>
</server>
