<?xml version="1.0" encoding="utf-8"?>
<media>
	<fields name="params">
		<fieldset name="details" label="JBS_ADDON_LEGACY_DETAILS">
			<field name="link_type" type="list" extension="com_biblestudy"
			       label="JBS_MED_SHOW_DOWNLOAD_ICON" description="JBS_MED_SHOW_DOWNLOAD_ICON_DESC"
			       class="inputbox" size="1" default="">
				<option value="">JGLOBAL_USE_GLOBAL</option>
				<option value="0">JBS_MED_NO_DOWNLOAD_ICON</option>
				<option value="1">JBS_MED_SHOW_DOWNLOAD_ICON</option>
				<option value="2">JBS_MED_SHOW_ONLY_DOWNLOAD_ICON</option>
			</field>
		</fieldset>
		<fieldset name="files_linker" label="JBD_ADDON_LEGACY_FILE_LINKER">
			<field name="docMan_id" type="docman" extension="com_biblestudy"
			       label="JBS_MED_USE_DOCMAN" description="JBS_MED_USE_DOCMAN_DESC"
			       class="inputbox"/>
			<field name="article_id" type="Modal_Article" extension="com_content"
			       label="JBS_MED_USE_ARTICLE" class="inputbox" default="-1"/>
			<field name="virtueMart_id" type="virtuemart" label="JBS_MED_VIRTUEMART_ITEM"
			       description="JBS_MED_VIRTUEMART_ITEM_DESC" default="-1">
				<option value="-1">JBS_MED_SELECT_VM_ITEM</option>
			</field>
		</fieldset>
		<fieldset name="files_settings" label="JBS_ADDON_LEGACY_FILE_SETTINGS">
			<field name="player" type="list" label="JBS_MED_PLAYER"
			       description="JBS_MED_PLAYER_DESC" class="inputbox" size="1" default="">
				<option value="">JGLOBAL_USE_GLOBAL</option>
				<option value="0">JBS_CMN_DIRECT_LINK</option>
				<option value="1">JBS_CMN_USE_INTERNAL_PLAYER</option>
				<option value="3">JBS_CMN_USE_AV</option>
				<option value="7">JBS_CMN_USE_MP3_PLAYER</option>
				<option value="8">JBS_CMN_USE_EMBED_CODE</option>
			</field>
			<field name="popup" type="list" label="JBS_MED_INTERNAL_POPUP"
			       description="JBS_MED_INTERNAL_POPUP_DESC" class="inputbox" size="1"
			       default="">
				<option value="">JGLOBAL_USE_GLOBAL</option>
				<option value="1">JBS_CMN_POPUP</option>
				<option value="2">JBS_CMN_INLINE</option>
				<option value="3">JBS_CMN_SQUEEZEBOX</option>
			</field>
			<field name="mediacode" type="textarea" label="JBS_CMN_AVR"
			       description="JBS_MED_AVRELOADED_DESC" class="inputbox" cols="64" rows="5"
			       filter="raw"/>
		</fieldset>
		<fieldset name="media_files" label="JBS_ADDON_LEGACY_MEDIA_FILES" addfieldpath="/administrator/components/com_biblestudy/addons/servers/legacy/fields">
			<field name="filename"
			       type="plupload"
			       handler="upload"
			       label="JBS_MED_FILENAME"
			       description="JBS_MED_USE_FILENAME_AS_PATH"
			       class="inputbox"/>
			<field name="size" type="filesize" label="JBS_CMN_FILESIZE"
			       description="JBS_MED_FILESIZE_DESC" class="inputbox" size="15"/>
			<field name="special" type="list" label="JBS_MED_LINK_TARGET"
			       description="JBS_MED_LINK_TARGET_DESC" class="inputbox" size="15" default="">
				<option value="">JGLOBAL_USE_GLOBAL</option>
				<option value="_blank">JBS_MED_LINK_TARGET_BLANK</option>
				<option value="_self">JBS_MED_LINK_TARGET_SELF</option>
				<option value="_parent">JBS_MED_LINK_TARGET_PARENT</option>
				<option value="_top">JBS_MED_LINK_TARGET_TOP</option>
			</field>
		</fieldset>
		<fieldset name="media_type" label="JBS_ADDON_LEGACY_MEDIA_TYPE">
			<field name="media_image" type="media" directory="biblestudy"
			       label="JBS_CMN_IMAGE" description="JBS_MED_IMAGE_DESC"
			       class="required inputbox span6" required="true">
			</field>
			<field name="mime_type" type="mimetype" extension="com_biblestudy"
			       label="JBS_MED_CHOOSE_MIMETYPE" description="JBS_MED_CHOOSE_MIMETYPE_DESC"
			       class="inputbox" default="">
			</field>
		</fieldset>
		<fieldset name="parameters" label="JBS_ADDON_LEGACY_PARAMETERS">
			<field name="playerwidth" default="" type="text" label="JBS_MED_PLAYERWIDTH"
			       description="JBS_MED_PLAYERWIDTH_DESC"/>
			<field name="playerheight" default="" type="text"
			       label="JBS_MED_PLAYERHIGHT" description="JBS_MED_PLAYERHIGHT_DESC"/>
			<field name="itempopuptitle" type="textarea" cols="54" rows="10" default="" filter="raw"
			       label="JBS_MED_MEDIA_POPUPTITLE" description="JBS_MED_MEDIA_POPUPTITLE_FOOTER_DESC"/>
			<field name="itempopupfooter" type="textarea" cols="54" rows="10" default="" filter="raw"
			       label="JBS_MED_MEDIA_POPUPFOOTER" description="JBS_MED_MEDIA_POPUPTITLE_FOOTER_DESC"/>
			<field name="popupmargin" type="text" default="50"
			       label="JBS_MED_MEDIA_POPUPMARGIN" description="JBS_MED_MEDIA_POPUPMARGIN_DESC"/>
			<field name="autostart" type="list"
			       label="JBS_CMN_MEDIA_AUTOSTART" description="JBS_CMN_MEDIA_AUTOSTART_DESC" default="">
				<option value="">JGLOBAL_USE_GLOBAL</option>
				<option value="true">JYES</option>
				<option value="false">JNO</option>
			</field>
		</fieldset>
	</fields>
</media>
