<?xml version="1.0" encoding="utf-8"?>
<!-- $Id: default.xml tf 12-11-2007 $ -->
<metadata>
    <layout hidden="true" title="JBS_MNU_PODCASTS_LIST_EDIT_LAYOUT">
        <message>
            <![CDATA[JBS_MNU_PODCASTS_LIST_EDIT_LAYOUT_DESC]]>
        </message>
    </layout>
    <fields name="params">
        <fieldset name="basic"
                  label="JBS_MNU_PODCASTS_LIST_LAYOUT"
                  addfieldprefix="CWM\Component\Proclaim\Administrator\Field">

            <field name="mteacher_id"
                   type="TeacherList"
                   label="JBS_CMN_FILTERS_TEACHER"
                   description="JBS_CMN_FILTERS_DESC"
                   multiple="true"
                   default="-1"
            >
                <option value="-1">JBS_CMN_SHOW_ALL</option>
            </field>
            <field name="mseries_id"
                   type="SeriesList"
                   multiple="true"
                   label="JBS_CMN_FILTERS_SERIES"
                   description="JBS_CMN_FILTERS_DESC"
                   default="-1">
                <option value="-1">JBS_CMN_SHOW_ALL</option>
            </field>
            <field name="mbooknumber"
                   type="SQL"
                   class="inputbox"
                   label="JBS_CMN_FILTERS_BOOKS"
                   multiple="true"
                   size="10"
                   translate="true"
                   query="SELECT booknumber, bookname FROM #__bsms_books WHERE published = 1 ORDER BY booknumber ASC"
                   key_field="booknumber"
                   value_field="bookname"
                   description="JBS_CMN_FILTERS_DESC"
                   default="-1">
                <option value="-1">JBS_CMN_SHOW_ALL</option>
            </field>
            <field name="mtopic_id" type="TopicsList" default="-1" multiple="true" size="10"
                   label="JBS_CMN_FILTERS_TOPICS"
                   description="JBS_CMN_FILTERS_DESC"
                   class="inputbox">
                <option value="-1">JBS_CMN_SHOW_ALL</option>
            </field>
            <field name="mmessagetype"
                   type="MessageTypeList"
                   multiple="true"
                   label="JBS_CMN_FILTERS_MESSAGETYPES"
                   description="JBS_CMN_FILTERS_DESC"
                   default="-1">
                <option value="-1">JBS_CMN_SHOW_ALL</option>
            </field>
            <field name="mlocations"
                   type="LocationsList"
                   multiple="true"
                   label="JBS_CMN_FILTERS_LOCATIONS"
                   description="JBS_CMN_FILTERS_DESC"
                   default="-1">
                <option value="-1">JBS_CMN_SHOW_ALL</option>
            </field>

        </fieldset>

    </fields>
</metadata>
