<?xml version="1.0" encoding="utf-8"?>
<extension version="2.5" type="plugin" group="finder" method="upgrade">
    <name>PLG_FINDER_BIBLESTUDY</name>
    <author>Joomla Bible Study</author>
    <creationDate>May 2012</creationDate>
    <authorEmail>info@joomlabiblestudy.org</authorEmail>
    <authorUrl>http://www.joomlabiblestudy.org</authorUrl>
    <copyright>(C) 2007 - 2012 Joomla Bible Study All rights reserved.</copyright>
    <version>7.1.0</version>
    <license>http://www.gnu.org/licenses/gpl.html</license>
    <description>PLG_FINDER_BIBLESTUDY_XML_DESCRIPTION</description>
    <files>
        <file plugin="biblestudy">biblestudy.php</file>
        <filename>index.html</filename>
        <folder>language</folder>
    </files>
	<!-- UPDATESERVER DEFINITION -->
    <updateservers>
		<!-- Note: No spaces or linebreaks allowed between the server tags -->
        <server type="extension" priority="1" name="Joomla Bible Study Finder Plg"><![CDATA[http://www.joomlabiblestudy.org/index.php?option=com_ars&view=update&task=stream&format=xml&id=6&dummy=extension.xml]]>
        </server>
    </updateservers>
</extension>
