<?xml version="1.0" encoding="utf-8"?>
<!-- $Id: default.xml tf 12-11-2007 $ -->
<metadata>
    <layout title="JBS_MNU_STUDIES_LIST_LAYOUT">
        <message>
            <![CDATA[JBS_MNU_STUDIES_LIST_LAYOUT_DESC]]>
        </message>
    </layout>
    <fields name="request">
        <fieldset name="request">
            <field name="t" type="sql"
                   description="JBS_MNU_SELECT_TEMPLATE_DESC"
                   label="JBS_MNU_SELECT_TEMPLATE"
                   default="1"
                   query="SELECT id, title FROM #__bsms_templates WHERE published = 1 ORDER BY text ASC"
                   key_field="id"
                   value_field="title"
                   required="true"
            />
        </fieldset>
    </fields>
    <fields name="params">
        <fieldset name="basic"
                  label="JBS_MNU_STUDIES_LIST_LAYOUT"
                  addfieldprefix="CWM\Component\Proclaim\Administrator\Field">
            <field name="metakey"
                   type="text"
                   class="inputbox"
                   size="50"
                   label="JBS_STY_METAKEYWORDS"
                   description="JBS_STY_METAKEYWORDS_DESC"/>
            <field name="metadesc"
                   type="textarea"
                   class="inputbox"
                   cols="50"
                   rows="4"
                   label="JBS_STY_METADESCRIPTION"
                   description="JBS_STY_METADESCRIPTION_DESC"/>
            <field name="order"
                   type="list"
                   label="JBS_CMN_ORDERING"
                   description="JBS_CMN_ORDERING_DESC"
                   default="">
                <option value="">JBS_CMN_USE_GLOBAL</option>
                <option value="1">JBS_CMN_DESCENDING</option>
                <option value="2">JBS_CMN_ASCENDING</option>
            </field>
            <field name="mteacher_id"
                   type="TeacherList"
                   label="JBS_CMN_FILTERS_TEACHER"
                   description="JBS_CMN_FILTERS_DESC"
                   multiple="true"
                   default="-1"
            >
                <option value="-1">JBS_CMN_SHOW_ALL</option>
            </field>
            <field name="mseries_id"
                   type="Series"
                   multiple="true"
                   label="JBS_CMN_FILTERS_SERIES"
                   description="JBS_CMN_FILTERS_DESC"
                   default="-1">
                <option value="-1">JBS_CMN_SHOW_ALL</option>
            </field>
            <field name="mbooknumber"
                   type="SQL"
                   class="inputbox"
                   label="JBS_CMN_FILTERS_BOOKS"
                   multiple="true"
                   size="10"
                   translate="true"
                   query="SELECT booknumber, bookname FROM #__bsms_books WHERE published = 1 ORDER BY booknumber ASC"
                   key_field="booknumber"
                   value_field="bookname"
                   description="JBS_CMN_FILTERS_DESC"
                   default="-1">
                <option value="-1">JBS_CMN_SHOW_ALL</option>
            </field>
            <field name="mtopic_id" type="TopicsList" default="-1" multiple="true" size="10"
                   label="JBS_CMN_FILTERS_TOPICS"
                   description="JBS_CMN_FILTERS_DESC"
                   class="inputbox">
                <option value="-1">JBS_CMN_SHOW_ALL</option>
            </field>
            <field name="mmessagetype"
                   type="MessageTypeList"
                   multiple="true"
                   label="JBS_CMN_FILTERS_MESSAGETYPES"
                   description="JBS_CMN_FILTERS_DESC"
                   default="-1">
                <option value="-1">JBS_CMN_SHOW_ALL</option>
            </field>
            <field name="mlocations"
                   type="LocationList"
                   multiple="true"
                   label="JBS_CMN_FILTERS_LOCATIONS"
                   description="JBS_CMN_FILTERS_DESC"
                   default="-1">
                <option value="-1">JBS_CMN_SHOW_ALL</option>
            </field>
            <field name="years"
                   type="sql"
                   default="-1"
                   label="JBS_CMN_FILTERS_YEARS"
                   description="JBS_CMN_FILTERS_DESC"
                   multiple="true"
                   query="SELECT DISTINCT(YEAR(studydate)) as date FROM #__bsms_studies ORDER BY studydate DESC"
                   key_field="date" value_field="date">
                <option value="-1">JBS_CMN_SHOW_ALL</option>
            </field>
        </fieldset>
    </fields>
</metadata>
