<?xml version="1.0" encoding="utf-8"?>
<metadata>
    <layout title="JBS_MNU_LANDING_PAGE_LAYOUT">
        <message>
            <![CDATA[JBS_MNU_LANDING_PAGE_LAYOUT_DESC]]>
        </message>
    </layout>
    <state>
        <name>JBS_MNU_LANDING_PAGE_LAYOUT</name>
        <params addpath="/administrator/components/com_proclaim/src/Helper">
            <param name="type" type="hidden" default="landingpage"/>
            <param name="templatemenuid" type="t" default="" label="JBS_MNU_SELECT_TEMPLATE"
                   description="JBS_MNU_SELECT_TEMPLATE_DESC"/>
        </params>
    </state>
    <fields name="request">
        <fieldset name="request"
                  addfieldprefix="CWM\Component\Proclaim\Administrator\Field">
            <field name="t" type="sql"
                   description="JBS_MNU_SELECT_TEMPLATE_DESC"
                   label="JBS_MNU_SELECT_TEMPLATE"
                   default="1"
                   query="SELECT id, title FROM #__bsms_templates WHERE published = 1 ORDER BY text ASC"
                   key_field="id"
                   value_field="title"
                   required="true"
            />

        </fieldset>
    </fields>
    <fields name="params">
        <fieldset name="basic"
                  label="JBS_MNU_LANDING_PAGE_LAYOUT">
            <field name="metakey"
                   type="text"
                   class="inputbox"
                   size="50"
                   label="JBS_STY_METAKEYWORDS"
                   description="JBS_STY_METAKEYWORDS_DESC"/>

            <field name="metadesc"
                   type="textarea"
                   class="inputbox"
                   cols="50"
                   rows="4"
                   label="JBS_STY_METADESCRIPTION"
                   description="JBS_STY_METADESCRIPTION_DESC"/>
        </fieldset>
    </fields>
</metadata>
