<?xml version="1.0" encoding="utf-8" ?>
<access component="com_biblestudy">
	<section name="component">
		<action name="core.admin" title="JACTION_ADMIN" description="JACTION_ADMIN_COMPONENT_DESC" />
		<action name="core.manage" title="JACTION_MANAGE"
			description="JACTION_MANAGE_COMPONENT_DESC" />
		<action name="core.create" title="JACTION_CREATE"
			description="JACTION_CREATE_COMPONENT_DESC" />
		<action name="core.delete" title="JACTION_DELETE"
			description="JACTION_DELETE_COMPONENT_DESC" />
		<action name="core.edit" title="JACTION_EDIT" description="JACTION_EDIT_COMPONENT_DESC" />
		<action name="core.edit.state" title="JACTION_EDITSTATE"
			description="JACTION_EDITSTATE_COMPONENT_DESC" />
		<action name="core.edit.own" title="JACTION_EDITOWN"
			description="JACTION_EDITOWN_COMPONENT_DESC" />
	</section>
	
	<section name="message">
		<action name="core.delete" title="JACTION_DELETE"
			description="JACTION_DELETE_COMPONENT_DESC" />
		<action name="core.edit" title="JACTION_EDIT" description="JACTION_EDIT_COMPONENT_DESC" />
		<action name="core.create" title="JACTION_CREATE"
			description="JACTION_CREATE_COMPONENT_DESC" />
		<action name="core.edit.state" title="JACTION_EDITSTATE"
			description="JACTION_EDITSTATE_COMPONENT_DESC" />
		<action name="core.edit.own" title="JACTION_EDITOWN"
			description="JACTION_EDITOWN_COMPONENT_DESC" />
	</section>
	<section name="teacher">
		<action name="core.delete" title="JACTION_DELETE"
			description="JACTION_DELETE_COMPONENT_DESC" />
		<action name="core.edit" title="JACTION_EDIT" description="JACTION_EDIT_COMPONENT_DESC" />
		<action name="core.create" title="JACTION_CREATE"
			description="JACTION_CREATE_COMPONENT_DESC" />
		<action name="core.edit.state" title="JACTION_EDITSTATE"
			description="JACTION_EDITSTATE_COMPONENT_DESC" />
		<action name="core.edit.own" title="JACTION_EDITOWN"
			description="JACTION_EDITOWN_COMPONENT_DESC" />
	</section>
	<section name="location">
		<action name="core.delete" title="JACTION_DELETE"
			description="JACTION_DELETE_COMPONENT_DESC" />
		<action name="core.edit" title="JACTION_EDIT" description="JACTION_EDIT_COMPONENT_DESC" />
		<action name="core.create" title="JACTION_CREATE"
			description="JACTION_CREATE_COMPONENT_DESC" />
		<action name="core.edit.state" title="JACTION_EDITSTATE"
			description="JACTION_EDITSTATE_COMPONENT_DESC" />
		<action name="core.edit.own" title="JACTION_EDITOWN"
			description="JACTION_EDITOWN_COMPONENT_DESC" />
	</section>
	<section name="serie">
		<action name="core.delete" title="JACTION_DELETE"
			description="JACTION_DELETE_COMPONENT_DESC" />
		<action name="core.edit" title="JACTION_EDIT" description="JACTION_EDIT_COMPONENT_DESC" />
		<action name="core.create" title="JACTION_CREATE"
			description="JACTION_CREATE_COMPONENT_DESC" />
		<action name="core.edit.state" title="JACTION_EDITSTATE"
			description="JACTION_EDITSTATE_COMPONENT_DESC" />
		<action name="core.edit.own" title="JACTION_EDITOWN"
			description="JACTION_EDITOWN_COMPONENT_DESC" />
	</section>
	<section name="topic">
		<action name="core.delete" title="JACTION_DELETE"
			description="JACTION_DELETE_COMPONENT_DESC" />
		<action name="core.edit" title="JACTION_EDIT" description="JACTION_EDIT_COMPONENT_DESC" />
		<action name="core.create" title="JACTION_CREATE"
			description="JACTION_CREATE_COMPONENT_DESC" />
		<action name="core.edit.state" title="JACTION_EDITSTATE"
			description="JACTION_EDITSTATE_COMPONENT_DESC" />
		<action name="core.edit.own" title="JACTION_EDITOWN"
			description="JACTION_EDITOWN_COMPONENT_DESC" />
	</section>
	<section name="podcast">
		<action name="core.delete" title="JACTION_DELETE"
			description="JACTION_DELETE_COMPONENT_DESC" />
		<action name="core.edit" title="JACTION_EDIT" description="JACTION_EDIT_COMPONENT_DESC" />
		<action name="core.create" title="JACTION_CREATE"
			description="JACTION_CREATE_COMPONENT_DESC" />
		<action name="core.edit.state" title="JACTION_EDITSTATE"
			description="JACTION_EDITSTATE_COMPONENT_DESC" />
		<action name="core.edit.own" title="JACTION_EDITOWN"
			description="JACTION_EDITOWN_COMPONENT_DESC" />
	</section>
	<section name="share">
		<action name="core.delete" title="JACTION_DELETE"
			description="JACTION_DELETE_COMPONENT_DESC" />
		<action name="core.edit" title="JACTION_EDIT" description="JACTION_EDIT_COMPONENT_DESC" />
		<action name="core.create" title="JACTION_CREATE"
			description="JACTION_CREATE_COMPONENT_DESC" />
		<action name="core.edit.state" title="JACTION_EDITSTATE"
			description="JACTION_EDITSTATE_COMPONENT_DESC" />
		<action name="core.edit.own" title="JACTION_EDITOWN"
			description="JACTION_EDITOWN_COMPONENT_DESC" />
	</section>
	<section name="comment">
		<action name="core.delete" title="JACTION_DELETE"
			description="JACTION_DELETE_COMPONENT_DESC" />
		<action name="core.edit" title="JACTION_EDIT" description="JACTION_EDIT_COMPONENT_DESC" />
		<action name="core.create" title="JACTION_CREATE"
			description="JACTION_CREATE_COMPONENT_DESC" />
		<action name="core.edit.state" title="JACTION_EDITSTATE"
			description="JACTION_EDITSTATE_COMPONENT_DESC" />
		<action name="core.edit.own" title="JACTION_EDITOWN"
			description="JACTION_EDITOWN_COMPONENT_DESC" />
	</section>
	
	<section name="mediafile">
		<action name="core.delete" title="JACTION_DELETE"
			description="JACTION_DELETE_COMPONENT_DESC" />
		<action name="core.edit" title="JACTION_EDIT" description="JACTION_EDIT_COMPONENT_DESC" />
		<action name="core.create" title="JACTION_CREATE"
			description="JACTION_CREATE_COMPONENT_DESC" />
		<action name="core.edit.state" title="JACTION_EDITSTATE"
			description="JACTION_EDITSTATE_COMPONENT_DESC" />
		<action name="core.edit.own" title="JACTION_EDITOWN"
			description="JACTION_EDITOWN_COMPONENT_DESC" />
	</section>
	<section name="mediaimage">
		<action name="core.delete" title="JACTION_DELETE"
			description="JACTION_DELETE_COMPONENT_DESC" />
		<action name="core.edit" title="JACTION_EDIT" description="JACTION_EDIT_COMPONENT_DESC" />
		<action name="core.create" title="JACTION_CREATE"
			description="JACTION_CREATE_COMPONENT_DESC" />
		<action name="core.edit.state" title="JACTION_EDITSTATE"
			description="JACTION_EDITSTATE_COMPONENT_DESC" />
		<action name="core.edit.own" title="JACTION_EDITOWN"
			description="JACTION_EDITOWN_COMPONENT_DESC" />
	</section>
	<section name="messagetype">
		<action name="core.delete" title="JACTION_DELETE"
			description="JACTION_DELETE_COMPONENT_DESC" />
		<action name="core.edit" title="JACTION_EDIT" description="JACTION_EDIT_COMPONENT_DESC" />
		<action name="core.create" title="JACTION_CREATE"
			description="JACTION_CREATE_COMPONENT_DESC" />
		<action name="core.edit.state" title="JACTION_EDITSTATE"
			description="JACTION_EDITSTATE_COMPONENT_DESC" />
		<action name="core.edit.own" title="JACTION_EDITOWN"
			description="JACTION_EDITOWN_COMPONENT_DESC" />
	</section>
	<section name="mimetype">
		<action name="core.delete" title="JACTION_DELETE"
			description="JACTION_DELETE_COMPONENT_DESC" />
		<action name="core.edit" title="JACTION_EDIT" description="JACTION_EDIT_COMPONENT_DESC" />
		<action name="core.create" title="JACTION_CREATE"
			description="JACTION_CREATE_COMPONENT_DESC" />
		<action name="core.edit.state" title="JACTION_EDITSTATE"
			description="JACTION_EDITSTATE_COMPONENT_DESC" />
		<action name="core.edit.own" title="JACTION_EDITOWN"
			description="JACTION_EDITOWN_COMPONENT_DESC" />
	</section>
	<section name="server">
		<action name="core.delete" title="JACTION_DELETE"
			description="JACTION_DELETE_COMPONENT_DESC" />
		<action name="core.edit" title="JACTION_EDIT" description="JACTION_EDIT_COMPONENT_DESC" />
		<action name="core.create" title="JACTION_CREATE"
			description="JACTION_CREATE_COMPONENT_DESC" />
		<action name="core.edit.state" title="JACTION_EDITSTATE"
			description="JACTION_EDITSTATE_COMPONENT_DESC" />
		<action name="core.edit.own" title="JACTION_EDITOWN"
			description="JACTION_EDITOWN_COMPONENT_DESC" />
	</section>
	<section name="folder">
		<action name="core.delete" title="JACTION_DELETE"
			description="JACTION_DELETE_COMPONENT_DESC" />
		<action name="core.edit" title="JACTION_EDIT" description="JACTION_EDIT_COMPONENT_DESC" />
		<action name="core.create" title="JACTION_CREATE"
			description="JACTION_CREATE_COMPONENT_DESC" />
		<action name="core.edit.state" title="JACTION_EDITSTATE"
			description="JACTION_EDITSTATE_COMPONENT_DESC" />
		<action name="core.edit.own" title="JACTION_EDITOWN"
			description="JACTION_EDITOWN_COMPONENT_DESC" />
	</section>
	<section name="template">
		<action name="core.delete" title="JACTION_DELETE"
			description="JACTION_DELETE_COMPONENT_DESC" />
		<action name="core.edit" title="JACTION_EDIT" description="JACTION_EDIT_COMPONENT_DESC" />
		<action name="core.create" title="JACTION_CREATE"
			description="JACTION_CREATE_COMPONENT_DESC" />
		<action name="core.edit.state" title="JACTION_EDITSTATE"
			description="JACTION_EDITSTATE_COMPONENT_DESC" />
		<action name="core.edit.own" title="JACTION_EDITOWN"
			description="JACTION_EDITOWN_COMPONENT_DESC" />
	</section>
	
	<section name="cssedit">
		<action name="core.delete" title="JACTION_DELETE"
			description="JACTION_DELETE_COMPONENT_DESC" />
		<action name="core.edit" title="JACTION_EDIT" description="JACTION_EDIT_COMPONENT_DESC" />
		<action name="core.create" title="JACTION_CREATE"
			description="JACTION_CREATE_COMPONENT_DESC" />
		<action name="core.edit.state" title="JACTION_EDITSTATE"
			description="JACTION_EDITSTATE_COMPONENT_DESC" />
		<action name="core.edit.own" title="JACTION_EDITOWN"
			description="JACTION_EDITOWN_COMPONENT_DESC" />
	</section>
        <section name="style">
		<action name="core.delete" title="JACTION_DELETE"
			description="JACTION_DELETE_COMPONENT_DESC" />
		<action name="core.edit" title="JACTION_EDIT" description="JACTION_EDIT_COMPONENT_DESC" />
		<action name="core.create" title="JACTION_CREATE"
			description="JACTION_CREATE_COMPONENT_DESC" />
		<action name="core.edit.state" title="JACTION_EDITSTATE"
			description="JACTION_EDITSTATE_COMPONENT_DESC" />
		<action name="core.edit.own" title="JACTION_EDITOWN"
			description="JACTION_EDITOWN_COMPONENT_DESC" />
	</section>
        <section name="templatecode">
		<action name="core.delete" title="JACTION_DELETE"
			description="JACTION_DELETE_COMPONENT_DESC" />
		<action name="core.edit" title="JACTION_EDIT" description="JACTION_EDIT_COMPONENT_DESC" />
		<action name="core.create" title="JACTION_CREATE"
			description="JACTION_CREATE_COMPONENT_DESC" />
		<action name="core.edit.state" title="JACTION_EDITSTATE"
			description="JACTION_EDITSTATE_COMPONENT_DESC" />
		<action name="core.edit.own" title="JACTION_EDITOWN"
			description="JACTION_EDITOWN_COMPONENT_DESC" />
	</section>
	<section name="admin">
		<action name="core.edit" title="JACTION_EDIT" description="JACTION_EDIT_COMPONENT_DESC" />
	</section>
</access>