<?xml version="1.0" encoding="UTF-8" ?>
<extension type="package" version="3.3" method="upgrade">
	<name>Package Joomla Bible Study</name>
	<packagename>biblestudy_package</packagename>
	<description>
		<![CDATA[Joomla Bible Study is one of the most popular Bible Study System available today. <a href='index.php?option=com_biblestudy&view=install&task=install.browse&scanstate=start'>Next to Finish install</a>]]></description>
	<author>Joomla Bible Study Team</author>
	<authorEmail>info@joomlabiblestudy.org</authorEmail>
	<authorUrl>http://www.joomlabiblestudy.org</authorUrl>
	<copyright>(C) 2007 - 2016 Joomla Bible Study All rights reserved.</copyright>
	<version>9.0.9</version>
	<creationDate>January 31, 2017</creationDate>
	<license>http://www.gnu.org/licenses/gpl.html</license>
	<packager>Tom Fuller</packager>
	<packagerurl>http://www.joomlabiblestudy.org</packagerurl>

	<!-- Runs on install/uninstall/update; New in 2.5 -->
	<scriptfile>script.php</scriptfile>
	<updateservers>
		<server type="collection"><![CDATA[http://www.joomlabiblestudy.org/index.php?option=com_ars&view=update&task=all&format=xml]]></server>
		<server type="extension" priority="2" name="Joomla Bible Study Package"><![CDATA[http://www.joomlabiblestudy.org/index.php?option=com_ars&view=update&task=stream&format=xml&id=12]]></server>
	</updateservers>
	<files folder="packages">
		<file type="module" id="mod_biblestudy" client="site">mod_biblestudy.zip</file>
		<file type="module" id="mod_biblestudy_podcast" client="site">mod_biblestudy_podcast.zip</file>
		<file type="plugin" id="biblestudy" group="finder">plg_biblestudy_finder.zip</file>
		<file type="plugin" id="biblestudysearch" group="search">plg_biblestudy_search.zip</file>
		<file type="plugin" id="jbspodcast" group="system">plg_biblestudy_podcast.zip</file>
		<file type="plugin" id="jbsbackup" group="system">plg_biblestudy_backup.zip</file>
		<file type="component" id="com_biblestudy">com_biblestudy.zip</file>
	</files>
</extension>
