<?xml version="1.0" encoding="UTF-8" ?>
<extension type="package" version="2.5">
    <name>Package Joomla Bible Study</name>
    <packagename>biblestudy_package</packagename>
    <description>
        <![CDATA[Joomla Bible Study is one of the most popular Bible Study System available today. <a href='index.php?option=com_biblestudy'>Next to Finish install</a>]]></description>
    <author>Joomla Bible Study Team</author>
    <authorEmail>info@joomlabiblestudy.org</authorEmail>
    <authorUrl>http://www.joomlabiblestudy.org</authorUrl>
    <copyright>(C) 2007 - 2015 Joomla Bible Study All rights reserved.</copyright>
    <version>9.0.0-beta1</version>
    <creationDate>Sep 19, 2015</creationDate>
    <license>http://www.gnu.org/licenses/gpl.html</license>
    <packager>Tom Fuller</packager>
    <packagerurl>http://www.joomlabiblestudy.org</packagerurl>
    <update>
        <![CDATA[http://www.joomlabiblestudy.org/index.php?option=com_ars&amp;view=update&amp;task=stream&amp;format=xml&amp;id=1&dummy=extension.xml]]>
    </update>
    <files folder="packages">
        <file type="component" id="com_biblestudy">com_biblestudy.zip</file>
    </files>

	<restorepoint>
		<customdirs>
			<dir>administrator/manifests/packages/biblstudy</dir>
			<dir>administrator/components/com_biblstudy</dir>
			<dir>components/com_biblstudy</dir>
			<dir>plugins/finder/biblestudy</dir>
			<dir>plugins/system/jbspodcast</dir>
			<dir>plugins/system/jbsbackup</dir>
			<dir>plugins/search/biblestudysearch</dir>
			<dir>media/com_biblstudy</dir>
		</customdirs>
		<customfiles>
			<file>administrator/manifests/packages/pkg_biblestudy.xml</file>
		</customfiles>
		<extraprefixes>
			<prefix>bsms</prefix>
		</extraprefixes>
	</restorepoint>
</extension>
