{
  "$schema": "https://developer.joomla.org/schemas/json-schema/web_assets.json",
  "name": "com_proclaim",
  "version": "10.0.0",
  "description": "Proclaim",
  "license": "GPL-2.0-or-later",
  "assets": [
    {
      "name": "com_proclaim.cwmadmin-message-pagebreak.es5",
      "type": "script",
      "uri": "com_proclaim/cwmadmin-message-pagebreak-es5.min.js",
      "dependencies": [
        "core"
      ],
      "attributes": {
        "nomodule": true,
        "defer": true
      }
    },
    {
      "name": "com_proclaim.administrator-message-pagebreak",
      "type": "script",
      "uri": "com_proclaim/administrator-message-pagebreak.min.js",
      "dependencies": [
        "com_proclaim.administrator-message-pagebreak.es5"
      ],
      "attributes": {
        "type": "module",
        "defer": true
      }
    },
    {
      "name": "com_proclaim.administrator-message-readmore.es5",
      "type": "script",
      "uri": "com_proclaim/administrator-message-readmore-es5.min.js",
      "dependencies": [
        "core"
      ],
      "attributes": {
        "nomodule": true,
        "defer": true
      }
    },
    {
      "name": "com_proclaim.administrator-message-readmore",
      "type": "script",
      "uri": "com_proclaim/administrator-message-readmore.min.js",
      "dependencies": [
        "com_proclaim.administrator-message-readmore.es5"
      ],
      "attributes": {
        "type": "module"
      }
    },
    {
      "name": "com_proclaim.cwmadmin-messages-batch.es5",
      "type": "script",
      "uri": "com_proclaim/cwmadmin-messages-default-batch-footer-es5.min.js",
      "dependencies": [
        "core"
      ],
      "attributes": {
        "nomodule": true,
        "defer": true
      }
    },
    {
      "name": "com_proclaim.cwmadmin-messages-batch",
      "type": "script",
      "uri": "com_proclaim/cwmadmin-messages-default-batch-footer.min.js",
      "dependencies": [
        "com_proclaim.cwmadmin-messages-batch.es5"
      ],
      "attributes": {
        "type": "module"
      }
    },
    {
      "name": "com_proclaim.cwmadmin-mediafiles-batch.es5",
      "type": "script",
      "uri": "com_proclaim/cwmadmin-mediafiles-default-batch-footer-es5.min.js",
      "dependencies": [
        "core"
      ],
      "attributes": {
        "nomodule": true,
        "defer": true
      }
    },
    {
      "name": "com_proclaim.cwmadmin-mediafiles-batch",
      "type": "script",
      "uri": "com_proclaim/cwmadmin-mediafiles-default-batch-footer.min.js",
      "dependencies": [
        "com_proclaim.cwmadmin-mediafiles-batch.es5"
      ],
      "attributes": {
        "type": "module"
      }
    },
    {
      "name": "com_proclaim.administrator-teachers-batch.es5",
      "type": "script",
      "uri": "com_proclaim/administrator-teachers-default-batch-footer-es5.min.js",
      "dependencies": [
        "core"
      ],
      "attributes": {
        "nomodule": true,
        "defer": true
      }
    },
    {
      "name": "com_proclaim.administrator-teachers-batch",
      "type": "script",
      "uri": "com_proclaim/administrator-teachers-default-batch-footer.min.js",
      "dependencies": [
        "com_proclaim.administrator-teachers-batch.es5"
      ],
      "attributes": {
        "type": "module"
      }
    },
    {
      "name": "com_proclaim.administrator-series-batch.es5",
      "type": "script",
      "uri": "com_proclaim/administrator-series-default-batch-footer-es5.min.js",
      "dependencies": [
        "core"
      ],
      "attributes": {
        "nomodule": true,
        "defer": true
      }
    },
    {
      "name": "com_proclaim.administrator-series-batch",
      "type": "script",
      "uri": "com_proclaim/administrator-series-default-batch-footer.min.js",
      "dependencies": [
        "com_proclaim.administrator-series-batch.es5"
      ],
      "attributes": {
        "type": "module"
      }
    },
    {
      "name": "com_proclaim.cwmadmin-messages-stage.es5",
      "type": "script",
      "uri": "com_proclaim/cwmadmin-messages-default-stage-footer-es5.min.js",
      "dependencies": [
        "core"
      ],
      "attributes": {
        "nomodule": true,
        "defer": true
      }
    },
    {
      "name": "com_proclaim.cwmadmin-messages-stage",
      "type": "script",
      "uri": "com_proclaim/cwmadmin-messages-default-stage-footer.min.js",
      "dependencies": [
        "com_proclaim.cwmadmin-messages-stage.es5"
      ],
      "attributes": {
        "type": "module"
      }
    },
    {
      "name": "com_proclaim.cwmadmin-messages-modal",
      "type": "script",
      "uri": "com_proclaim/cwmadmin-messages-modal.min.js",
      "dependencies": [
        "com_proclaim.cwmadmin-messages-modal.es5"
      ],
      "attributes": {
        "type": "module"
      }
    },
    {
      "name": "com_proclaim.cwmadmin-types-modal",
      "type": "script",
      "uri": "com_proclaim/cwmadmin-types-modal.min.js",
      "dependencies": [
        "com_proclaim.cwmadmin-types-modal.es5"
      ],
      "attributes": {
        "type": "module"
      }
    },
    {
      "name": "com_proclaim.form-edit.es5",
      "type": "script",
      "uri": "com_proclaim/form-edit-es5.min.js",
      "dependencies": [
        "core"
      ],
      "attributes": {
        "nomodule": true,
        "defer": true
      }
    },
    {
      "name": "com_proclaim.form-edit",
      "type": "script",
      "uri": "com_proclaim/form-edit.min.js",
      "dependencies": [
        "com_proclaim.form-edit.es5"
      ],
      "attributes": {
        "type": "module"
      }
    },
    {
      "name": "com_proclaim.cwmmessages-list.es5",
      "type": "script",
      "uri": "com_proclaim/cwmmessages-list-es5.min.js",
      "dependencies": [
        "core"
      ],
      "attributes": {
        "nomodule": true,
        "defer": true
      }
    },
    {
      "name": "com_proclaim.cwmadmin-messages-modal.es5",
      "type": "script",
      "uri": "com_proclaim/cwmadmin-messages-modal-es5.min.js",
      "dependencies": [
        "core"
      ],
      "attributes": {
        "nomodule": true,
        "defer": true
      }
    },
    {
      "name": "com_proclaim.cwmadmin-types-modal.es5",
      "type": "script",
      "uri": "com_proclaim/cwmadmin-types-modal-es5.min.js",
      "dependencies": [
        "core"
      ],
      "attributes": {
        "nomodule": true,
        "defer": true
      }
    },
    {
      "name": "com_proclaim.cwmmessages-list",
      "type": "script",
      "uri": "com_proclaim/cwmmessages-list.min.js",
      "dependencies": [
        "com_proclaim.cwmmessages-list.es5"
      ],
      "attributes": {
        "type": "module"
      }
    },
    {
      "name": "com_proclaim.cwmadmin-series-modal.es5",
      "type": "script",
      "uri": "com_proclaim/cwmadmin-series-modal-es5.min.js",
      "dependencies": [
        "core"
      ],
      "attributes": {
        "nomodule": true,
        "defer": true
      }
    },
    {
      "name": "com_proclaim.cwmadmin-series-modal",
      "type": "script",
      "uri": "com_proclaim/cwmadmin-series-modal.min.js",
      "dependencies": [
        "com_proclaim.cwmadmin-series-modal.es5"
      ],
      "attributes": {
        "type": "module"
      }
    },
    {
      "name": "com_proclaim.cwmadmin-teachers-modal.es5",
      "type": "script",
      "uri": "com_proclaim/cwmadmin-teachers-modal-es5.min.js",
      "dependencies": [
        "core"
      ],
      "attributes": {
        "nomodule": true,
        "defer": true
      }
    },
    {
      "name": "com_proclaim.cwmadmin-teachers-modal",
      "type": "script",
      "uri": "com_proclaim/cwmadmin-teachers-modal.min.js",
      "dependencies": [
        "com_proclaim.cwmadmin-teachers-modal.es5"
      ],
      "attributes": {
        "type": "module"
      }
    },
    {
      "name": "com_proclaim.cwmadmin-locations-modal.es5",
      "type": "script",
      "uri": "com_proclaim/cwmadmin-locations-modal-es5.min.js",
      "dependencies": [
        "core"
      ],
      "attributes": {
        "nomodule": true,
        "defer": true
      }
    },
    {
      "name": "com_proclaim.cwmadmin-locations-modal",
      "type": "script",
      "uri": "com_proclaim/cwmadmin-locations-modal.min.js",
      "dependencies": [
        "com_proclaim.cwmadmin-locations-modal.es5"
      ],
      "attributes": {
        "type": "module"
      }
    },
    {
      "name": "com_proclaim.cwmadmin-servers-modal.es5",
      "type": "script",
      "uri": "com_proclaim/cwmadmin-servers-modal-es5.min.js",
      "dependencies": [
        "core"
      ],
      "attributes": {
        "nomodule": true,
        "defer": true
      }
    },
    {
      "name": "com_proclaim.cwmadmin-servers-modal",
      "type": "script",
      "uri": "com_proclaim/cwmadmin-servers-modal.min.js",
      "dependencies": [
        "com_proclaim.cwmadmin-servers-modal.es5"
      ],
      "attributes": {
        "type": "module"
      }
    },
    {
      "name": "com_proclaim.cwmadmin-locations-batch.es5",
      "type": "script",
      "uri": "com_proclaim/cwmadmin-locations-default-batch-footer-es5.min.js",
      "dependencies": [
        "core"
      ],
      "attributes": {
        "type": "module"
      }
    },
    {
      "name": "com_proclaim.cwmadmin-locations-batch",
      "type": "script",
      "uri": "com_proclaim/cwmadmin-locations-default-batch-footer.min.js",
      "dependencies": [
        "com_proclaim.cwmadmin-locations-batch.es5"
      ],
      "attributes": {
        "nomodule": true,
        "defer": true
      }
    },
    {
      "name": "com_proclaim.cwmadmin-teachers-batch.es5",
      "type": "script",
      "uri": "com_proclaim/cwmadmin-teachers-batch-es5.min.js",
      "dependencies": [
        "core"
      ],
      "attributes": {
        "type": "module"
      }
    },
    {
      "name": "com_proclaim.cwmadmin-teachers-batch",
      "type": "script",
      "uri": "com_proclaim/cwmadmin-teachers-batch.min.js",
      "dependencies": [
        "com_proclaim.cwmadmin-teachers-batch.es5"
      ],
      "attributes": {
        "nomodule": true,
        "defer": true
      }
    },
    {
      "name": "com_proclaim.cwmadmin-series-batch.es5",
      "type": "script",
      "uri": "com_proclaim/cwmadmin-series-batch-es5.min.js",
      "dependencies": [
        "core"
      ],
      "attributes": {
        "type": "module"
      }
    },
    {
      "name": "com_proclaim.cwmadmin-series-batch",
      "type": "script",
      "uri": "com_proclaim/cwmadmin-series-batch.min.js",
      "dependencies": [
        "com_proclaim.cwmadmin-series-batch.es5"
      ],
      "attributes": {
        "nomodule": true,
        "defer": true
      }
    },
    {
      "name": "com_proclaim.cwmcore",
      "type": "style",
      "uri": "com_proclaim/cwmcore.min.css",
      "dependencies": [
        "com_proclaim.general",
        "fontawesome"
      ]
    },
    {
      "name": "com_proclaim.cwmcorejs",
      "type": "script",
      "uri": "com_proclaim/cwmcore.min.js",
      "attributes": {
        "defer": true
      },
      "dependencies": [
        "core",
        "jquery-noconflict",
        "com_proclaim.modernizr",
        "com_proclaim.popper"
      ]
    },
    {
      "name": "com_proclaim.cwmpodcast",
      "type": "style",
      "uri": "com_proclaim/cwmpodcast.min.css",
      "dependencies": [
        "com_proclaim.cwmcore"
      ]
    },
    {
      "name": "com_proclaim.general",
      "type": "style",
      "uri": "com_proclaim/general.min.css"
    },
    {
      "name": "com_proclaim.podcast",
      "type": "style",
      "uri": "com_proclaim/podcast.min.css"
    },
    {
      "name": "com_proclaim.popper",
      "type": "script",
      "uri": "com_proclaim/popper.min.js",
      "attributes": {
        "defer": true
      }
    },
    {
      "name": "com_proclaim.modernizr",
      "type": "script",
      "uri": "com_proclaim/modernizr.min.js",
      "attributes": {
        "defer": true
      }
    }
  ]
}